"product_name","total_purchases","total_views","conversion_rate"
"Smartphone","1","1","100.0000000000000000"
"Washing Machine","1","3","33.3333333333333333"
"T-shirt","1","1","100.0000000000000000"
"Laptop","1","2","50.0000000000000000"
"Smartwatch","1","0",NULL
"Shoes","2","1","200.0000000000000000"
"Coffee Maker","0","1","0.00000000000000000000"
"Microwave","0","1","0.00000000000000000000"
"Headphones","1","1","100.0000000000000000"
"Refrigerator","0","1","0.00000000000000000000"
